window,mape,mae,rmse,mse,directional_accuracy,precision_up,recall_up,f1_up
7,1.0486653417181464,0.010464883616987296,0.014840910542673367,0.0002202526257356335,0.49475775300739433,0.4803863591563178,0.5565197533683489,0.5156580617858654
