window,mape,mae,rmse,mse,directional_accuracy,precision_up,recall_up,f1_up
10,1.0581996558155642,0.010558125628188381,0.014966091799607823,0.00022398390375428856,0.4853768899679947,0.47037889889051704,0.513013698630137,0.4907720869280332
