window,mape,mae,rmse,mse,directional_accuracy,precision_up,recall_up,f1_up
15,1.04698311943787,0.010450447153709987,0.014822262720554726,0.00021969947215714637,0.5061251517492551,0.48944964107026323,0.5139333028780265,0.5013927576601671
