window,mape,mae,rmse,mse,directional_accuracy,precision_up,recall_up,f1_up
30,1.057438970247766,0.010542735997606219,0.01492114566511206,0.0002226405879594924,0.48526652687341354,0.48405927256398745,0.9844748858447488,0.6490066225165563
